Timestamp,Emotion,Task
2025-02-15 16:14:43,neutral,Update reports
2025-02-15 16:14:50,sad,Listen to relaxing music
2025-02-15 16:14:51,neutral,Update reports
2025-02-15 16:14:52,sad,Simple data entry
2025-02-15 16:14:52,happy,Start a creative project
2025-02-15 16:14:53,neutral,Review documents
2025-02-15 16:14:54,fear,Follow a structured checklist
2025-02-15 16:14:55,neutral,Respond to emails
2025-02-15 16:14:56,fear,Follow a structured checklist
2025-02-15 16:14:57,neutral,Update reports
2025-02-15 16:14:59,happy,Start a creative project
2025-02-15 16:14:59,neutral,Update reports
2025-02-15 16:15:05,sad,Organize files
2025-02-15 16:15:09,neutral,Update reports
2025-02-15 16:15:10,happy,Lead a team meeting
2025-02-15 16:15:11,neutral,Review documents
2025-02-15 16:15:14,sad,Organize files
2025-02-15 16:15:15,neutral,Update reports
gAAAAABnsHN-wok4OP3jnG0Z-kNirYm3PTwlC6CtdGXDPaIMp73-5SPKk4tQ7THrEQKYA0_Sy1Q4jqZPH4msDNDRoekLQeI_OoC0q-Des_ABEYE3haDZQaY=,gAAAAABnsHN-jYX7cD0t0brisFEDJRa9tw4KtJHOD7PLAOmFsFZe3mkyDPFkRwcK6u6DLOmGsT8hnTFk-KEQEg8yvuXGtnqy-g==,gAAAAABnsHN-_SDiv8phXMc7__0rLWLdbIRBCPnz7Bd44Xeab8uumYd1Xexyp68-IlZvchAlDyyHON9SghCLdYNH490ZKY5szAZRCY1f3-YCoxZmjqtQL6E=
gAAAAABnsHODj4eB3ltTNIS2w0sRhEzzGW9T2J3o3dev2c9yNJGop6BZizcYv9TEMB-mx178NoGqOB5wN_Lts2NfzMtTFeN4sZ8GQy0jcQQsRZ0ce3E69jM=,gAAAAABnsHODd_1JnUNSutysLxByiwPrprMCeyjuGJwJzzjqivkJOE8sdDJBXUdjqMt31ztFu9pJUZ6jRPa8082hZoABm9yAIQ==,gAAAAABnsHOD6IlXjVSw8CTuMFTiej017zp-XtckszC3-UirpShplSqXlgtTAfATUeX5UWO00j59NfbaKrjalGVo8gTL4LMMh8s5wSwjknCl4IiSYepecPQ=
gAAAAABnsHODSRz4nqWiqqDYKHKabZ7o9Libn93YLlFO8KCf7ND8tIVdZkCPCwfpu3m5Q8hsfwqYrzHmu-Cj_-WWflIqCPYU8wY4x3nTllO3ilmldqzs0t4=,gAAAAABnsHOD1B5C2JWxC_bPk1PFq4dbcMqUbN_sVucKHuDSzIo2WRH9itQMHvwk64S9dHxFCCkEivomcq1qq7vZ0-xIr2htlg==,gAAAAABnsHODXPV8I0eZuvgwfVIiw5h11_mk1xQKl4UxOPBtanUgjfFrg9-yfXg_rQna25J2ToTUdjN-r_lKDVUQiSGtNR1v6WuM3PV1mwamfVp9Q5XDuwo=
gAAAAABnsHOEFKymSgVo7sPbc_goG3t_9jFvVw1DT4IrgS_KQz138Ov2zN8fIgLNJQ3KXkcwOKtE16Hj8V17HlG-n-lkSLyxWBg7jpoeUsad39w0xAe2PDg=,gAAAAABnsHOE9U8a25cTGbZh-eXTEqYItulcZ6By-jfO1t7Hrd6Tox_WcJCZlRdD8po0Q0yhD2ejFb_3KVvdi-I7HzI_vwJ1RQ==,gAAAAABnsHOEYzaKnMcHtRUD_t3NySFHoDJ_bYXUnyYxK1lATeJYY33Hvexx0KfanhNry5qrc44WO2zn0_rrGxfgDsTHzk8AN-4Ph2Pbe5xPm25CiEb5XHY=
gAAAAABnsHOE0PrrEUAZli_Gc6moIaggKI-wOueAzbcJUSi_6K3MTVbeUOsFWurlcKU5iSSPNLhUyCDc2U1GdRu9b5QdSBXJCFZVT0IZbo06jJyyhneDNcE=,gAAAAABnsHOE0u9WkQ4W3d2-2lYDrGtAT4DhXuvajd8zO-x-B9Mmz3UF-hLh2cFMS2-K0uMAl7cuvUgBLUcTqy1LGUWd7s_fxQ==,gAAAAABnsHOEfcqvJPbcHS5IVoNaN3eDunqyELg0_FpvFnLio4qLKOqL7U5k7UUTBj-z1qQWreswxE7VUTiajpbKmyFF83S-lIzJZf3h1pcucp5X5B3qbtE=
gAAAAABnsHOErOdvu-9Mu-AiVNNwg3xYDJGF_uRedSQI9U7dLySqXaVMmMqTilYrcm6aSPYpPnlfgNxmIXgj7TnLZMjduzZMtW1d1AAStoHhQyQPNTDictA=,gAAAAABnsHOETnGuzZdHB3NI-lo9Wi7uIK0dRtnshJKi3recM9ndf66Y0bWnS1ZjMn9bsW0d51ap7S8jQrMkdz___LkBd6NlTA==,gAAAAABnsHOEVfNsZ_CLcH8lJvQI2bINYKxocGbbeKqyfaOvbXx5LLK3xnlXTUfUuRgDS7OjFRnTSSKB6oGX4yd2RzuSDgvdHutWIG4_F1DbG-wHdtXd5Jc=
gAAAAABnsHOEZF5g0igZD01xtGByRVGGMmjSj2zeqd977SGzxXJngBYCciTN75c94N9Qn7eZPu_KILihQ5EpvlZj2Zy8VJZGbD1Q_U97X_cLi2-hQYh0AJc=,gAAAAABnsHOEBZQ23tTafY-dQiWh385Z9Qqtm0IkH51L1uEOEyUyJ7nx7bJ3gs5ug7F03scjwqdte4bNHIB8D_GuYgeN81dOPA==,gAAAAABnsHOEvmHY-wG3dAMt14Bcx-_HTsYAw4RUcb_SyEIPxu-lEgpsrePLRoJ1m0HAXgbOBf_ppmB-_k7xg2oWnNuu67h9olKaLQSsbVw09cGl3g0lDao=
gAAAAABnsHOESbRnAhz16RgyNvnV-lF1eTOW4Vln5ejqxzqGpld21GYfEQVektizNs9nWHrLnts0eXuHR4Zl2_zHmGpG3R2cno7iqMNpGQ08Gyfd5ouhlW4=,gAAAAABnsHOEpsMex5f13IDfnc8Php8BCwcqYspB5sFiZeWJBBistkvySFSYrQTC9NZh4m0V-ocJmKuYF2NiTataWYo3yxibow==,gAAAAABnsHOES529Ukzg89jmN8H0IhmAu59hkRyetfDwV06ujjGI1Dwp_tfTAhiwUR3r4UwAojGa70APJ-BgIfb7JW8RzV30-BQUMoLIwFVhl_y2Ve1NKWg=
gAAAAABnsHOEh6ZLn19HBPAUIVYsSOTEiPxNzuqEfIB3WtJa3Teh7YaiSNhTTxEUZYLCrW1dyYbbHD6yfBLxEvxB1tyniWir7YUs8Uqml6n3ldK0MZvGkJA=,gAAAAABnsHOEC0Ii_ZGEZXyJXA3H9a5FBUx7lypv1xuwBMoj222I18k-L9kNOS8KtI8VO1ai35SdLZiaMaTtdb_kSOCNUimG7Q==,gAAAAABnsHOEBUkaEJjp2ZkRdfo3q2TxO4NRmNV4LCuQF2gmroRJwVaCNI4SNsFHcJugVp1Ic-Sc6LthTOlBdjVXd35ou0h0AxyTW9463U-hXvWkPI3wh28=
gAAAAABnsHOEObNVn8v25sxHanzh1AGNqt1_kj9XxmoTeLpMFP0NxWLHdRV28Zqtchg6q5ZtwFqvw02BBp0O8C3clJjjpgfdEMX_1ZmdflsNXQ0QVVVWOwU=,gAAAAABnsHOEX8nLu-C9FVAjBAwhRzZHFLvVrvSPb9YH8i_M-MeIBnYYzeE-IZnLRyV78NS_gOdsj_GYu8k0I8HR5VFKTafCYg==,gAAAAABnsHOEIEveq5yPL-txqZYlYrOcw7NPHBGXRzDH-2kmXq989fv7YGB_4BKCakysWe3O9f8DAqEw5E4AU1Ku7NsgJjuHnb-1rf6Eot_kVZjWgEFtGuM=
gAAAAABnsHOEbTfURYeH5t_NHrNV5DKOC3B3xVoVE2jhJzVAOPvEIbJIkRlXdjivwIJuw7Is3H3FXtBx_D0G1XMdR-kBWQF9Cmfi_7vlwzrrQz9IJBqa0nc=,gAAAAABnsHOEAgB1kTlyP2jqo24PPJzuzHzUA4oc03_TsUUPVeOFKWrHa-8YL-PL4H1QDNxqTCt2Ha1hoIF0rLYkaJVJbNJNbA==,gAAAAABnsHOEmm03C97olKFHgBNdSf0-lz1YsD1vfp1V4dzkg5LIwMzyCCtoGFPW1m5Ijz5P5EpSKGM8smZM1jloC9Z5lkBHS5K0_4d_7WTdNeSXxjYm41E=
